variante,wiederholung,generation,beste_fitness,mittlere_fitness,stdabw_fitness,anzahl_spezies,ziel_erreicht
V0,0,0,-10.79101,-14.39198,1.47694,14,0
V0,0,1,-5.59773,-13.34339,1.62989,14,0
V0,0,2,-5.59773,-12.92806,1.59837,14,0
V0,0,3,-5.59773,-12.86745,1.64338,14,0
V0,0,4,-5.59773,-12.71864,1.63914,14,0
V0,0,5,-5.59773,-12.67898,1.66573,14,0
V0,0,6,-5.59773,-12.56458,1.65166,14,0
V0,0,7,-5.59773,-12.47835,1.74796,14,0
V0,0,8,-5.59773,-12.38392,1.75329,14,0
V0,0,9,-5.59773,-12.31507,1.87213,14,0
V0,0,10,-5.59773,-12.3218,2.04649,14,0
V0,0,11,-5.51274,-12.11439,2.18016,14,0
V0,0,12,-5.51274,-12.09318,2.24012,16,0
V0,0,13,-5.51274,-12.09032,2.24044,16,0
V0,0,14,-5.51274,-12.06011,2.22334,16,0
V0,0,15,-3.85887,-11.91204,2.39575,17,0
V0,0,16,-3.85887,-11.7201,2.5579,18,0
V0,0,17,-3.85887,-11.80954,2.61948,17,0
V0,0,18,-3.85887,-11.62602,2.64429,16,0
V0,0,19,-3.85887,-11.50616,2.72729,16,0
V0,0,20,-3.85887,-11.43772,2.79223,16,0
V0,0,21,-3.85887,-11.28312,2.88405,15,0
V0,0,22,-3.85887,-11.67202,2.87452,16,0
V0,0,23,-3.85887,-11.30507,2.98609,15,0
V0,0,24,-3.85887,-11.09108,3.0083,16,0
V0,0,25,-3.85887,-10.99407,2.97265,16,0
V0,0,26,-3.85887,-11.16761,3.17237,15,0
V0,0,27,-3.85887,-11.02668,3.17481,15,0
V0,0,28,-3.85887,-10.93932,3.25884,14,0
V0,0,29,-2.06827,-10.90823,3.18209,15,0
V0,0,30,-2.06827,-10.49912,3.35857,16,0
V0,0,31,-2.06827,-10.91814,3.40308,15,0
V0,0,32,-2.06827,-10.85757,3.36078,16,0
V0,0,33,-2.06827,-10.86113,3.46525,17,0
V0,0,34,-2.06827,-10.66591,3.52068,17,0
V0,0,35,-2.06827,-10.78742,3.55607,17,0
V0,0,36,-2.06827,-10.68559,3.46242,16,0
V0,0,37,-2.06827,-10.6992,3.48865,16,0
V0,0,38,14.04113,-10.66273,3.71998,18,0
V0,0,39,14.04113,-10.51933,3.75432,20,0
V0,0,40,14.04113,-10.90364,3.74381,19,0
V0,0,41,14.04113,-10.59213,3.83157,19,0
V0,0,42,14.04113,-10.59209,3.71072,20,0
V0,0,43,14.04113,-10.40227,3.70499,21,0
V0,0,44,14.04113,-10.40567,3.74181,21,0
V0,0,45,14.04113,-10.50338,3.93916,18,0
V0,0,46,14.04113,-10.57453,4.18158,17,0
V0,0,47,14.04113,-10.19052,4.70532,17,0
V0,0,48,14.04113,-10.16802,5.16126,16,0
V0,0,49,14.04113,-10.5201,4.93055,17,0
V0,0,50,14.04113,-10.11865,5.2299,17,0
V0,0,51,14.04113,-9.81209,5.75725,18,0
V0,0,52,14.04113,-9.75647,5.5766,17,0
V0,0,53,14.04113,-9.78366,5.22075,18,0
V0,0,54,14.04113,-10.64723,4.10739,15,0
V0,0,55,14.04113,-10.56555,4.23967,15,0
V0,0,56,14.04113,-10.22793,4.16318,16,0
V0,0,57,14.04113,-9.95616,4.55722,16,0
V0,0,58,14.04113,-9.81106,5.61844,17,0
V0,0,59,14.04113,-9.43263,5.95001,18,0
V0,0,60,14.04113,-9.21688,6.23892,18,0
V0,0,61,14.04113,-8.95657,6.44539,23,0
V0,0,62,14.04113,-9.43867,5.52476,24,0
V0,0,63,14.04113,-9.3442,5.57183,24,0
V0,0,64,14.04113,-9.4391,5.17996,24,0
V0,0,65,14.04113,-9.25297,6.00337,25,0
V0,0,66,14.04113,-8.46128,6.75293,29,0
V0,0,67,14.04113,-8.84976,6.6877,29,0
V0,0,68,14.04113,-8.37302,7.0442,31,0
V0,0,69,14.04113,-8.25954,7.44094,30,0
V0,0,70,14.04113,-7.95819,7.83593,28,0
V0,0,71,14.04113,-7.50394,8.27294,29,0
V0,0,72,14.04113,-7.75775,8.26745,27,0
V0,0,73,14.04113,-7.54265,8.34188,30,0
V0,0,74,14.04113,-6.96197,9.10856,30,0
V0,0,75,14.04113,-7.17218,8.95955,29,0
V0,0,76,14.04113,-7.35404,9.04763,29,0
V0,0,77,14.04113,-6.73127,9.27944,28,0
V0,0,78,14.04113,-6.41342,9.36985,27,0
V0,0,79,14.24113,-6.77451,9.2933,29,0
V0,0,80,14.24113,-7.0854,8.86314,27,0
V0,0,81,14.24113,-6.89481,9.10206,27,0
V0,0,82,14.24113,-6.90604,9.02373,28,0
V0,0,83,14.24113,-6.47468,9.13417,26,0
V0,0,84,14.24113,-7.02512,8.47604,22,0
V0,0,85,14.24113,-7.26856,8.22006,23,0
V0,0,86,14.24113,-7.2426,8.29381,22,0
V0,0,87,14.24113,-6.88745,8.42192,21,0
V0,0,88,14.24113,-6.93796,8.72539,24,0
V0,0,89,14.24113,-6.94356,8.33873,22,0
V0,0,90,14.24113,-7.27873,8.30269,20,0
V0,0,91,14.24113,-7.60933,8.04828,20,0
V0,0,92,14.24113,-7.52938,8.32635,19,0
V0,0,93,14.24113,-6.97546,8.60359,19,0
V0,0,94,14.24113,-7.61769,8.19455,20,0
V0,0,95,14.04113,-7.64161,8.42872,21,0
V0,0,96,14.04113,-7.59039,8.67326,21,0
V0,0,97,14.04113,-7.03441,9.09717,23,0
V0,0,98,14.04113,-6.92911,9.31216,25,0
V0,0,99,14.04113,-6.68502,9.70595,25,0
V0,1,0,-5.75397,-14.7597,1.16196,16,0
V0,1,1,-3.50411,-13.62354,1.41474,16,0
V0,1,2,-3.50411,-13.44997,1.53738,16,0
V0,1,3,-3.50411,-13.3566,1.61258,16,0
V0,1,4,10.9708,-13.11401,2.01213,16,0
V0,1,5,10.9708,-12.88663,2.40682,16,0
V0,1,6,10.9708,-12.70181,2.6045,16,0
V0,1,7,10.9708,-12.38727,3.08119,16,0
V0,1,8,10.9708,-11.93136,3.57977,16,0
V0,1,9,10.9708,-11.31121,4.15928,16,0
V0,1,10,10.9708,-11.13269,4.40209,17,0
V0,1,11,43.94113,-10.90636,5.02512,18,1
