sweep_parameter,sweep_wert,variante,radius,zielrichtung,wiederholung,maze_seed,run_seed,wanddichte,kuerzester_weg,geloest,ziel_generation,schwelle_generation,generationen,beste_fitness,schritte_bester,netz_knoten,netz_verbindungen,pop_size,compatibility_threshold,conn_add_prob,node_add_prob,laufzeit_s
pop_size,250,V1,1,1,0,0,0,0.2432,50,0,,,100,17.14113,,13,14,250,2.8,0.5,0.3,24.9
pop_size,250,V1,1,1,1,1,1,0.2656,48,0,,,100,20.94113,,5,22,250,2.8,0.5,0.3,24.3
pop_size,250,V1,1,1,2,2,2,0.2528,48,1,44,44,45,43.94113,48,11,19,250,2.8,0.5,0.3,11.0
pop_size,250,V1,1,1,3,3,3,0.2336,48,1,9,9,10,43.94113,48,6,31,250,2.8,0.5,0.3,2.4
pop_size,250,V1,1,1,4,4,4,0.2256,48,1,58,58,59,43.94113,48,10,22,250,2.8,0.5,0.3,14.2
pop_size,250,V1,1,1,5,5,5,0.2624,48,1,14,14,15,43.94113,48,11,33,250,2.8,0.5,0.3,3.5
pop_size,250,V1,1,1,6,6,6,0.2464,48,1,19,19,20,43.94113,48,7,29,250,2.8,0.5,0.3,5.2
pop_size,250,V1,1,1,7,7,7,0.2896,50,0,,,100,19.84113,,9,16,250,2.8,0.5,0.3,23.3
pop_size,250,V1,1,1,8,8,8,0.24,48,0,,,100,19.57885,,6,23,250,2.8,0.5,0.3,22.9
pop_size,250,V1,1,1,9,9,9,0.2272,48,1,10,10,11,43.94113,48,9,28,250,2.8,0.5,0.3,2.8
pop_size,500,V1,1,1,0,0,0,0.2432,50,0,,,100,14.04113,,17,19,500,2.8,0.5,0.3,51.2
pop_size,500,V1,1,1,1,1,1,0.2656,48,1,4,4,5,43.94113,48,7,34,500,2.8,0.5,0.3,2.5
pop_size,500,V1,1,1,2,2,2,0.2528,48,1,23,23,24,43.94113,48,8,18,500,2.8,0.5,0.3,12.6
pop_size,500,V1,1,1,3,3,3,0.2336,48,1,8,8,9,43.94113,52,7,27,500,2.8,0.5,0.3,4.3
pop_size,500,V1,1,1,4,4,4,0.2256,48,0,,,100,10.46079,,7,13,500,2.8,0.5,0.3,44.4
pop_size,500,V1,1,1,5,5,5,0.2624,48,1,4,4,5,43.94113,48,7,35,500,2.8,0.5,0.3,2.5
pop_size,500,V1,1,1,6,6,6,0.2464,48,1,38,38,39,43.94113,48,6,11,500,2.8,0.5,0.3,19.5
pop_size,500,V1,1,1,7,7,7,0.2896,50,0,,,100,19.84113,,9,18,500,2.8,0.5,0.3,48.8
pop_size,500,V1,1,1,8,8,8,0.24,48,0,,,100,21.94113,,10,19,500,2.8,0.5,0.3,49.9
pop_size,500,V1,1,1,9,9,9,0.2272,48,1,2,2,3,43.94113,48,6,34,500,2.8,0.5,0.3,1.4
compatibility_threshold,3.2,V1,1,1,0,0,0,0.2432,50,0,,,100,14.28574,,11,17,1000,3.2,0.5,0.3,98.3
compatibility_threshold,2.6,V1,1,1,0,0,0,0.2432,50,1,94,94,95,43.94113,60,14,16,1000,2.6,0.5,0.3,118.5
compatibility_threshold,2.6,V1,1,1,1,1,1,0.2656,48,1,26,26,27,43.94113,48,7,13,1000,2.6,0.5,0.3,36.2
compatibility_threshold,2.6,V1,1,1,2,2,2,0.2528,48,1,28,28,29,43.94113,48,11,28,1000,2.6,0.5,0.3,39.5
compatibility_threshold,2.6,V1,1,1,3,3,3,0.2336,48,1,9,9,10,43.94113,48,9,31,1000,2.6,0.5,0.3,13.3
compatibility_threshold,2.6,V1,1,1,4,4,4,0.2256,48,0,,,100,20.94113,,6,18,1000,2.6,0.5,0.3,116.6
compatibility_threshold,2.6,V1,1,1,5,5,5,0.2624,48,1,21,21,22,43.94113,48,6,15,1000,2.6,0.5,0.3,29.5
compatibility_threshold,2.6,V1,1,1,6,6,6,0.2464,48,1,52,52,53,43.94113,48,10,20,1000,2.6,0.5,0.3,67.0
compatibility_threshold,2.6,V1,1,1,7,7,7,0.2896,50,1,89,89,90,43.94113,54,14,11,1000,2.6,0.5,0.3,110.3
compatibility_threshold,2.6,V1,1,1,8,8,8,0.24,48,1,86,86,87,43.94113,58,7,11,1000,2.6,0.5,0.3,117.7
compatibility_threshold,2.6,V1,1,1,9,9,9,0.2272,48,1,5,5,6,43.94113,48,8,34,1000,2.6,0.5,0.3,8.2
compatibility_threshold,3.2,V1,1,1,1,1,1,0.2656,48,1,33,33,34,43.94113,48,7,17,1000,3.2,0.5,0.3,32.5
compatibility_threshold,3.2,V1,1,1,2,2,2,0.2528,48,1,13,13,14,43.94113,48,9,22,1000,3.2,0.5,0.3,12.6
compatibility_threshold,3.2,V1,1,1,3,3,3,0.2336,48,1,10,10,11,43.94113,48,11,32,1000,3.2,0.5,0.3,10.2
compatibility_threshold,3.2,V1,1,1,4,4,4,0.2256,48,1,74,74,75,43.94113,48,7,13,1000,3.2,0.5,0.3,68.6
compatibility_threshold,3.2,V1,1,1,5,5,5,0.2624,48,1,5,5,6,43.94113,48,6,32,1000,3.2,0.5,0.3,5.5
compatibility_threshold,3.2,V1,1,1,6,6,6,0.2464,48,1,76,76,77,43.94113,52,17,18,1000,3.2,0.5,0.3,71.1
compatibility_threshold,3.2,V1,1,1,7,7,7,0.2896,50,0,,,100,19.84113,,10,15,1000,3.2,0.5,0.3,99.6
compatibility_threshold,3.2,V1,1,1,8,8,8,0.24,48,0,,,100,19.57885,,8,34,1000,3.2,0.5,0.3,87.8
compatibility_threshold,3.2,V1,1,1,9,9,9,0.2272,48,1,9,9,10,43.94113,48,10,35,1000,3.2,0.5,0.3,9.4
conn_add_prob,0.3,V1,1,1,0,0,0,0.2432,50,0,,,100,14.48574,,12,14,1000,2.8,0.3,0.3,98.5
conn_add_prob,0.3,V1,1,1,1,1,1,0.2656,48,1,39,39,40,43.94113,48,11,13,1000,2.8,0.3,0.3,39.8
conn_add_prob,0.3,V1,1,1,2,2,2,0.2528,48,1,37,37,38,43.94113,48,8,21,1000,2.8,0.3,0.3,39.1
conn_add_prob,0.3,V1,1,1,3,3,3,0.2336,48,1,6,6,7,43.94113,48,8,34,1000,2.8,0.3,0.3,7.0
conn_add_prob,0.3,V1,1,1,4,4,4,0.2256,48,0,,,100,20.94113,,11,9,1000,2.8,0.3,0.3,102.0
conn_add_prob,0.3,V1,1,1,5,5,5,0.2624,48,1,17,17,18,43.94113,48,11,19,1000,2.8,0.3,0.3,18.4
conn_add_prob,0.3,V1,1,1,6,6,6,0.2464,48,1,17,17,18,43.94113,48,11,26,1000,2.8,0.3,0.3,18.3
conn_add_prob,0.3,V1,1,1,7,7,7,0.2896,50,0,,,100,20.04113,,16,14,1000,2.8,0.3,0.3,106.0
conn_add_prob,0.3,V1,1,1,8,8,8,0.24,48,1,19,19,20,43.94113,58,10,23,1000,2.8,0.3,0.3,21.4
conn_add_prob,0.3,V1,1,1,9,9,9,0.2272,48,1,6,6,7,43.94113,48,5,24,1000,2.8,0.3,0.3,7.1
conn_add_prob,0.7,V1,1,1,0,0,0,0.2432,50,1,24,24,25,43.94113,50,8,16,1000,2.8,0.7,0.3,24.0
conn_add_prob,0.7,V1,1,1,1,1,1,0.2656,48,1,23,23,24,43.94113,56,10,22,1000,2.8,0.7,0.3,24.9
conn_add_prob,0.7,V1,1,1,2,2,2,0.2528,48,1,24,24,25,43.94113,48,9,19,1000,2.8,0.7,0.3,25.5
conn_add_prob,0.7,V1,1,1,3,3,3,0.2336,48,1,10,10,11,43.94113,48,7,24,1000,2.8,0.7,0.3,11.0
conn_add_prob,0.7,V1,1,1,4,4,4,0.2256,48,1,14,14,15,43.94113,50,8,26,1000,2.8,0.7,0.3,15.3
conn_add_prob,0.7,V1,1,1,5,5,5,0.2624,48,1,4,4,5,43.94113,48,8,36,1000,2.8,0.7,0.3,5.1
conn_add_prob,0.7,V1,1,1,6,6,6,0.2464,48,1,22,22,23,43.94113,48,8,17,1000,2.8,0.7,0.3,24.9
conn_add_prob,0.7,V1,1,1,7,7,7,0.2896,50,0,,,100,20.04113,,4,13,1000,2.8,0.7,0.3,98.3
conn_add_prob,0.7,V1,1,1,8,8,8,0.24,48,0,,,100,21.24113,,8,14,1000,2.8,0.7,0.3,100.8
conn_add_prob,0.7,V1,1,1,9,9,9,0.2272,48,1,9,9,10,43.94113,48,4,20,1000,2.8,0.7,0.3,10.4
node_add_prob,0.1,V1,1,1,0,0,0,0.2432,50,1,90,90,91,43.94113,60,4,6,1000,2.8,0.5,0.1,79.7
node_add_prob,0.1,V1,1,1,1,1,1,0.2656,48,1,40,40,41,43.94113,48,9,18,1000,2.8,0.5,0.1,36.3
node_add_prob,0.1,V1,1,1,2,2,2,0.2528,48,1,9,9,10,43.94113,48,6,29,1000,2.8,0.5,0.1,10.0
node_add_prob,0.1,V1,1,1,3,3,3,0.2336,48,1,7,7,8,43.94113,48,8,33,1000,2.8,0.5,0.1,8.0
node_add_prob,0.1,V1,1,1,4,4,4,0.2256,48,0,,,100,21.14113,,10,31,1000,2.8,0.5,0.1,82.5
node_add_prob,0.1,V1,1,1,5,5,5,0.2624,48,1,3,3,4,43.94113,48,6,34,1000,2.8,0.5,0.1,4.0
node_add_prob,0.1,V1,1,1,6,6,6,0.2464,48,1,51,51,52,43.94113,48,8,22,1000,2.8,0.5,0.1,49.2
node_add_prob,0.1,V1,1,1,7,7,7,0.2896,50,0,,,100,19.84113,,6,28,1000,2.8,0.5,0.1,92.4
node_add_prob,0.1,V1,1,1,8,8,8,0.24,48,1,56,56,57,43.94113,58,5,8,1000,2.8,0.5,0.1,51.7
node_add_prob,0.1,V1,1,1,9,9,9,0.2272,48,1,6,6,7,43.94113,48,5,26,1000,2.8,0.5,0.1,7.1
node_add_prob,0.5,V1,1,1,0,0,0,0.2432,50,0,,,100,14.28574,,23,25,1000,2.8,0.5,0.5,122.1
node_add_prob,0.5,V1,1,1,1,1,1,0.2656,48,0,,,100,20.94113,,9,26,1000,2.8,0.5,0.5,115.1
node_add_prob,0.5,V1,1,1,2,2,2,0.2528,48,1,15,15,16,43.94113,52,11,25,1000,2.8,0.5,0.5,17.2
node_add_prob,0.5,V1,1,1,3,3,3,0.2336,48,1,12,12,13,43.94113,48,7,15,1000,2.8,0.5,0.5,13.8
node_add_prob,0.5,V1,1,1,4,4,4,0.2256,48,0,,,100,20.94113,,18,19,1000,2.8,0.5,0.5,115.1
node_add_prob,0.5,V1,1,1,5,5,5,0.2624,48,1,3,3,4,43.94113,48,6,36,1000,2.8,0.5,0.5,4.1
node_add_prob,0.5,V1,1,1,6,6,6,0.2464,48,1,23,23,24,43.94113,48,10,14,1000,2.8,0.5,0.5,25.7
node_add_prob,0.5,V1,1,1,7,7,7,0.2896,50,0,,,100,20.04113,,8,13,1000,2.8,0.5,0.5,113.6
node_add_prob,0.5,V1,1,1,8,8,8,0.24,48,1,49,49,50,43.94113,52,16,20,1000,2.8,0.5,0.5,50.6
node_add_prob,0.5,V1,1,1,9,9,9,0.2272,48,1,4,4,5,43.94113,48,6,30,1000,2.8,0.5,0.5,5.1
